[{
  "_id": {
    "$oid": "68a83e9c446f27985e57dd3d"
  },
  "user": {
    "$oid": "68a83444c10342da7a388ae0"
  },
  "items": [
    {
      "product": {
        "$oid": "68a831c09962ceedcd5917f4"
      },
      "name": "Wireless Headphones",
      "price": 99.99,
      "quantity": 1
    }
  ],
  "totalAmount": 99.99,
  "status": "paid",
  "createdAt": {
    "$date": "2025-08-22T09:55:40.330Z"
  },
  "updatedAt": {
    "$date": "2025-08-22T09:55:40.330Z"
  },
  "__v": 0
},
{
  "_id": {
    "$oid": "68a84032446f27985e57dd72"
  },
  "user": {
    "$oid": "68a83444c10342da7a388ae0"
  },
  "items": [
    {
      "product": {
        "$oid": "68a831c09962ceedcd5917f7"
      },
      "name": "T-Shirt",
      "price": 19.99,
      "quantity": 3
    }
  ],
  "totalAmount": 59.97,
  "status": "paid",
  "createdAt": {
    "$date": "2025-08-22T10:02:26.546Z"
  },
  "updatedAt": {
    "$date": "2025-08-22T10:02:26.546Z"
  },
  "__v": 0
},
{
  "_id": {
    "$oid": "68a84738d4fc6ea261d1f4e7"
  },
  "user": {
    "$oid": "68a83444c10342da7a388ae0"
  },
  "items": [
    {
      "product": {
        "$oid": "68a831c09962ceedcd5917f7"
      },
      "name": "T-Shirt",
      "price": 19.99,
      "quantity": 10
    }
  ],
  "totalAmount": 199.89999999999998,
  "status": "paid",
  "createdAt": {
    "$date": "2025-08-22T10:32:24.419Z"
  },
  "updatedAt": {
    "$date": "2025-08-22T10:32:24.419Z"
  },
  "__v": 0
},
{
  "_id": {
    "$oid": "68abec8aedf81b50d71ac84a"
  },
  "user": {
    "$oid": "68a83444c10342da7a388ae0"
  },
  "items": [
    {
      "product": {
        "$oid": "68a831c09962ceedcd5917f4"
      },
      "name": "Wireless Headphones",
      "price": 99.99,
      "quantity": 1
    }
  ],
  "totalAmount": 99.99,
  "status": "paid",
  "createdAt": {
    "$date": "2025-08-25T04:54:34.781Z"
  },
  "updatedAt": {
    "$date": "2025-08-25T04:54:34.781Z"
  },
  "__v": 0
},
{
  "_id": {
    "$oid": "68ac107a2b707551a5bae211"
  },
  "user": {
    "$oid": "68a83444c10342da7a388ae0"
  },
  "items": [
    {
      "product": {
        "$oid": "68a831c09962ceedcd5917f4"
      },
      "name": "Wireless Headphones",
      "price": 99.99,
      "quantity": 5
    }
  ],
  "totalAmount": 499.95,
  "status": "cancelled",
  "createdAt": {
    "$date": "2025-08-25T07:27:54.520Z"
  },
  "updatedAt": {
    "$date": "2025-08-26T09:27:28.317Z"
  },
  "__v": 0
},
{
  "_id": {
    "$oid": "68ac10c72b707551a5bae251"
  },
  "user": {
    "$oid": "68a83444c10342da7a388ae0"
  },
  "items": [
    {
      "product": {
        "$oid": "68a831c09962ceedcd5917f4"
      },
      "name": "Wireless Headphones",
      "price": 99.99,
      "quantity": 7
    }
  ],
  "totalAmount": 699.93,
  "status": "paid",
  "createdAt": {
    "$date": "2025-08-25T07:29:11.463Z"
  },
  "updatedAt": {
    "$date": "2025-08-25T07:29:11.463Z"
  },
  "__v": 0
},
{
  "_id": {
    "$oid": "68ac124ffa6860398ea5dccb"
  },
  "user": {
    "$oid": "68a83444c10342da7a388ae0"
  },
  "items": [
    {
      "product": {
        "$oid": "68a831c09962ceedcd5917f4"
      },
      "name": "Wireless Headphones",
      "price": 99.99,
      "quantity": 2
    },
    {
      "product": {
        "$oid": "68a831c09962ceedcd5917f5"
      },
      "name": "Smartphone",
      "price": 699,
      "quantity": 1
    }
  ],
  "totalAmount": 898.98,
  "status": "paid",
  "createdAt": {
    "$date": "2025-08-25T07:35:43.859Z"
  },
  "updatedAt": {
    "$date": "2025-08-25T07:35:43.859Z"
  },
  "__v": 0
},
{
  "_id": {
    "$oid": "68ac1299fa6860398ea5dce2"
  },
  "user": {
    "$oid": "68a83444c10342da7a388ae0"
  },
  "items": [
    {
      "product": {
        "$oid": "68a831c09962ceedcd5917f4"
      },
      "name": "Wireless Headphones",
      "price": 99.99,
      "quantity": 1
    }
  ],
  "totalAmount": 99.99,
  "status": "paid",
  "createdAt": {
    "$date": "2025-08-25T07:36:57.662Z"
  },
  "updatedAt": {
    "$date": "2025-08-25T07:36:57.662Z"
  },
  "__v": 0
},
{
  "_id": {
    "$oid": "68ac152176d5356faa0c17b3"
  },
  "user": {
    "$oid": "68a83444c10342da7a388ae0"
  },
  "items": [
    {
      "product": {
        "$oid": "68a831c09962ceedcd5917f4"
      },
      "name": "Wireless Headphones",
      "price": 99.99,
      "quantity": 9
    }
  ],
  "totalAmount": 899.91,
  "status": "paid",
  "createdAt": {
    "$date": "2025-08-25T07:47:45.671Z"
  },
  "updatedAt": {
    "$date": "2025-08-25T07:47:45.671Z"
  },
  "__v": 0
},
{
  "_id": {
    "$oid": "68ac161776d5356faa0c185f"
  },
  "user": {
    "$oid": "68a83444c10342da7a388ae0"
  },
  "items": [
    {
      "product": {
        "$oid": "68a831c09962ceedcd5917f4"
      },
      "name": "Wireless Headphones",
      "price": 99.99,
      "quantity": 2
    },
    {
      "product": {
        "$oid": "68a831c09962ceedcd5917f5"
      },
      "name": "Smartphone",
      "price": 699,
      "quantity": 20
    }
  ],
  "totalAmount": 14179.98,
  "status": "paid",
  "createdAt": {
    "$date": "2025-08-25T07:51:51.365Z"
  },
  "updatedAt": {
    "$date": "2025-08-25T07:51:51.365Z"
  },
  "__v": 0
},
{
  "_id": {
    "$oid": "68ac197c76d5356faa0c1a2f"
  },
  "user": {
    "$oid": "68a83444c10342da7a388ae0"
  },
  "items": [
    {
      "product": {
        "$oid": "68a831c09962ceedcd5917f4"
      },
      "name": "Wireless Headphones",
      "price": 99.99,
      "quantity": 2
    }
  ],
  "totalAmount": 199.98,
  "status": "paid",
  "createdAt": {
    "$date": "2025-08-25T08:06:20.607Z"
  },
  "updatedAt": {
    "$date": "2025-08-25T08:06:20.607Z"
  },
  "__v": 0
},
{
  "_id": {
    "$oid": "68ac19ce76d5356faa0c2fea"
  },
  "user": {
    "$oid": "68a83444c10342da7a388ae0"
  },
  "items": [
    {
      "product": {
        "$oid": "68a831c09962ceedcd5917f4"
      },
      "name": "Wireless Headphones",
      "price": 99.99,
      "quantity": 2
    }
  ],
  "totalAmount": 199.98,
  "status": "paid",
  "createdAt": {
    "$date": "2025-08-25T08:07:42.408Z"
  },
  "updatedAt": {
    "$date": "2025-08-25T08:07:42.408Z"
  },
  "__v": 0
},
{
  "_id": {
    "$oid": "68ad415d816adb6d7e2cf4d1"
  },
  "user": {
    "$oid": "68a83444c10342da7a388ae0"
  },
  "items": [
    {
      "product": {
        "$oid": "68ac310776d5356faa0c30ce"
      },
      "name": "tv",
      "price": 50000,
      "quantity": 4
    }
  ],
  "totalAmount": 200000,
  "status": "paid",
  "createdAt": {
    "$date": "2025-08-26T05:08:45.701Z"
  },
  "updatedAt": {
    "$date": "2025-08-26T05:08:45.701Z"
  },
  "__v": 0
},
{
  "_id": {
    "$oid": "68ad41c2816adb6d7e2cf4ea"
  },
  "user": {
    "$oid": "68a83444c10342da7a388ae0"
  },
  "items": [
    {
      "product": {
        "$oid": "68ac310776d5356faa0c30ce"
      },
      "name": "tv",
      "price": 50000,
      "quantity": 1
    }
  ],
  "totalAmount": 50000,
  "status": "paid",
  "createdAt": {
    "$date": "2025-08-26T05:10:26.443Z"
  },
  "updatedAt": {
    "$date": "2025-08-26T05:10:26.443Z"
  },
  "__v": 0
},
{
  "_id": {
    "$oid": "68ad433b816adb6d7e2cf514"
  },
  "user": {
    "$oid": "68a83444c10342da7a388ae0"
  },
  "items": [
    {
      "product": {
        "$oid": "68ac310776d5356faa0c30ce"
      },
      "name": "tv",
      "price": 50000,
      "quantity": 3
    }
  ],
  "totalAmount": 150000,
  "status": "paid",
  "createdAt": {
    "$date": "2025-08-26T05:16:43.213Z"
  },
  "updatedAt": {
    "$date": "2025-08-26T05:16:43.213Z"
  },
  "__v": 0
},
{
  "_id": {
    "$oid": "68ad4365816adb6d7e2cf52d"
  },
  "user": {
    "$oid": "68a83444c10342da7a388ae0"
  },
  "items": [
    {
      "product": {
        "$oid": "68ac310776d5356faa0c30ce"
      },
      "name": "tv",
      "price": 50000,
      "quantity": 1
    }
  ],
  "totalAmount": 50000,
  "status": "paid",
  "createdAt": {
    "$date": "2025-08-26T05:17:25.091Z"
  },
  "updatedAt": {
    "$date": "2025-08-26T05:17:25.091Z"
  },
  "__v": 0
},
{
  "_id": {
    "$oid": "68ad52a7816adb6d7e2cf8c1"
  },
  "user": {
    "$oid": "68a83444c10342da7a388ae0"
  },
  "items": [
    {
      "product": {
        "$oid": "68ac310776d5356faa0c30ce"
      },
      "name": "tv",
      "price": 50000,
      "quantity": 8
    }
  ],
  "totalAmount": 400000,
  "status": "paid",
  "createdAt": {
    "$date": "2025-08-26T06:22:31.006Z"
  },
  "updatedAt": {
    "$date": "2025-08-26T06:22:31.006Z"
  },
  "__v": 0
},
{
  "_id": {
    "$oid": "68ad53fc816adb6d7e2cf8df"
  },
  "user": {
    "$oid": "68a83444c10342da7a388ae0"
  },
  "items": [
    {
      "product": {
        "$oid": "68ac310776d5356faa0c30ce"
      },
      "name": "tv",
      "price": 50000,
      "quantity": 1
    }
  ],
  "totalAmount": 50000,
  "status": "paid",
  "createdAt": {
    "$date": "2025-08-26T06:28:12.549Z"
  },
  "updatedAt": {
    "$date": "2025-08-26T06:28:12.549Z"
  },
  "__v": 0
},
{
  "_id": {
    "$oid": "68ad545e816adb6d7e2cf8f7"
  },
  "user": {
    "$oid": "68a83444c10342da7a388ae0"
  },
  "items": [
    {
      "product": {
        "$oid": "68ac310776d5356faa0c30ce"
      },
      "name": "tv",
      "price": 50000,
      "quantity": 1
    }
  ],
  "totalAmount": 50000,
  "status": "paid",
  "createdAt": {
    "$date": "2025-08-26T06:29:50.392Z"
  },
  "updatedAt": {
    "$date": "2025-08-26T06:29:50.392Z"
  },
  "__v": 0
},
{
  "_id": {
    "$oid": "68ad55f5816adb6d7e2cf911"
  },
  "user": {
    "$oid": "68a83444c10342da7a388ae0"
  },
  "items": [
    {
      "product": {
        "$oid": "68ac310776d5356faa0c30ce"
      },
      "name": "tv",
      "price": 50000,
      "quantity": 2
    }
  ],
  "totalAmount": 100000,
  "status": "paid",
  "createdAt": {
    "$date": "2025-08-26T06:36:37.034Z"
  },
  "updatedAt": {
    "$date": "2025-08-26T06:36:37.034Z"
  },
  "__v": 0
},
{
  "_id": {
    "$oid": "68ad565c816adb6d7e2cf928"
  },
  "user": {
    "$oid": "68a83444c10342da7a388ae0"
  },
  "items": [
    {
      "product": {
        "$oid": "68ac310776d5356faa0c30ce"
      },
      "name": "tv",
      "price": 50000,
      "quantity": 1
    }
  ],
  "totalAmount": 50000,
  "status": "paid",
  "createdAt": {
    "$date": "2025-08-26T06:38:20.004Z"
  },
  "updatedAt": {
    "$date": "2025-08-26T06:38:20.004Z"
  },
  "__v": 0
},
{
  "_id": {
    "$oid": "68ad58c3816adb6d7e2cf95f"
  },
  "user": {
    "$oid": "68a83444c10342da7a388ae0"
  },
  "items": [
    {
      "product": {
        "$oid": "68ac310776d5356faa0c30ce"
      },
      "name": "tv",
      "price": 50000,
      "quantity": 1
    }
  ],
  "totalAmount": 50000,
  "status": "paid",
  "createdAt": {
    "$date": "2025-08-26T06:48:35.487Z"
  },
  "updatedAt": {
    "$date": "2025-08-26T06:48:35.487Z"
  },
  "__v": 0
},
{
  "_id": {
    "$oid": "68ad590b816adb6d7e2cf97a"
  },
  "user": {
    "$oid": "68a83444c10342da7a388ae0"
  },
  "items": [
    {
      "product": {
        "$oid": "68ac310776d5356faa0c30ce"
      },
      "name": "tv",
      "price": 50000,
      "quantity": 1
    }
  ],
  "totalAmount": 50000,
  "status": "paid",
  "createdAt": {
    "$date": "2025-08-26T06:49:47.976Z"
  },
  "updatedAt": {
    "$date": "2025-08-26T06:49:47.976Z"
  },
  "__v": 0
},
{
  "_id": {
    "$oid": "68ad5a3d816adb6d7e2cf996"
  },
  "user": {
    "$oid": "68a83444c10342da7a388ae0"
  },
  "items": [
    {
      "product": {
        "$oid": "68ac310776d5356faa0c30ce"
      },
      "name": "tv",
      "price": 50000,
      "quantity": 2
    }
  ],
  "totalAmount": 100000,
  "status": "delivered",
  "createdAt": {
    "$date": "2025-08-26T06:54:53.395Z"
  },
  "updatedAt": {
    "$date": "2025-08-27T04:53:17.034Z"
  },
  "__v": 0
},
{
  "_id": {
    "$oid": "68ad5abf816adb6d7e2cf9ad"
  },
  "user": {
    "$oid": "68a83444c10342da7a388ae0"
  },
  "items": [
    {
      "product": {
        "$oid": "68ac310776d5356faa0c30ce"
      },
      "name": "tv",
      "price": 50000,
      "quantity": 1
    }
  ],
  "totalAmount": 50000,
  "status": "pending",
  "createdAt": {
    "$date": "2025-08-26T06:57:03.978Z"
  },
  "updatedAt": {
    "$date": "2025-08-27T04:53:14.756Z"
  },
  "__v": 0
},
{
  "_id": {
    "$oid": "68ad5b25816adb6d7e2cf9c8"
  },
  "user": {
    "$oid": "68a83444c10342da7a388ae0"
  },
  "items": [
    {
      "product": {
        "$oid": "68ac310776d5356faa0c30ce"
      },
      "name": "tv",
      "price": 50000,
      "quantity": 1
    }
  ],
  "totalAmount": 50000,
  "status": "paid",
  "createdAt": {
    "$date": "2025-08-26T06:58:45.859Z"
  },
  "updatedAt": {
    "$date": "2025-08-26T12:51:58.674Z"
  },
  "__v": 0
},
{
  "_id": {
    "$oid": "68ad674a6f63199193e828a6"
  },
  "user": {
    "$oid": "68a83444c10342da7a388ae0"
  },
  "items": [
    {
      "product": {
        "$oid": "68ac310776d5356faa0c30ce"
      },
      "name": "tv",
      "price": 50000,
      "quantity": 1
    }
  ],
  "totalAmount": 50000,
  "status": "delivered",
  "createdAt": {
    "$date": "2025-08-26T07:50:34.239Z"
  },
  "updatedAt": {
    "$date": "2025-08-27T04:53:10.640Z"
  },
  "__v": 0
},
{
  "_id": {
    "$oid": "68ad67e06f63199193e828c9"
  },
  "user": {
    "$oid": "68a83444c10342da7a388ae0"
  },
  "items": [
    {
      "product": {
        "$oid": "68ac310776d5356faa0c30ce"
      },
      "name": "tv",
      "price": 50000,
      "quantity": 1
    }
  ],
  "totalAmount": 50000,
  "status": "shipped",
  "createdAt": {
    "$date": "2025-08-26T07:53:04.407Z"
  },
  "updatedAt": {
    "$date": "2025-08-27T04:53:08.506Z"
  },
  "__v": 0
},
{
  "_id": {
    "$oid": "68ae975c23567a31034318d5"
  },
  "user": {
    "$oid": "68a83444c10342da7a388ae0"
  },
  "items": [
    {
      "product": {
        "$oid": "68ac310776d5356faa0c30ce"
      },
      "name": "tv",
      "price": 50000,
      "quantity": 4
    },
    {
      "product": {
        "$oid": "68a831c09962ceedcd5917f6"
      },
      "name": "Novel: The Great Tale",
      "price": 14.99,
      "quantity": 1
    }
  ],
  "totalAmount": 200014.99,
  "status": "paid",
  "createdAt": {
    "$date": "2025-08-27T05:27:56.562Z"
  },
  "updatedAt": {
    "$date": "2025-08-27T05:27:56.562Z"
  },
  "__v": 0
},
{
  "_id": {
    "$oid": "68aeb8a03985bd8a3b587a8a"
  },
  "user": {
    "$oid": "68a83444c10342da7a388ae0"
  },
  "items": [
    {
      "product": {
        "$oid": "68ac310776d5356faa0c30ce"
      },
      "name": "tv",
      "price": 50000,
      "quantity": 1
    }
  ],
  "totalAmount": 50000,
  "status": "paid",
  "createdAt": {
    "$date": "2025-08-27T07:49:52.573Z"
  },
  "updatedAt": {
    "$date": "2025-08-27T07:49:52.573Z"
  },
  "__v": 0
},
{
  "_id": {
    "$oid": "68b021a389f6e1c506e0265c"
  },
  "user": {
    "$oid": "68a83444c10342da7a388ae0"
  },
  "items": [
    {
      "product": {
        "$oid": "68aeb16a321774a3648df001"
      },
      "name": "SubTitle",
      "price": 2323,
      "quantity": 2
    },
    {
      "product": {
        "$oid": "68ac310776d5356faa0c30ce"
      },
      "name": "tv",
      "price": 50000,
      "quantity": 20
    }
  ],
  "totalAmount": 1004646,
  "status": "shipped",
  "createdAt": {
    "$date": "2025-08-28T09:30:11.765Z"
  },
  "updatedAt": {
    "$date": "2025-08-28T13:05:14.346Z"
  },
  "__v": 0
}]