[{
  "_id": {
    "$oid": "68aed3c7fbcaee2d0136e620"
  },
  "name": "Mobile",
  "slug": "mobile",
  "images": [
    "/uploads/1756287943171-96195420-Icon_Mobile (1).png"
  ],
  "createdAt": {
    "$date": "2025-08-27T09:45:43.193Z"
  },
  "updatedAt": {
    "$date": "2025-08-27T09:45:43.193Z"
  },
  "__v": 0
},
{
  "_id": {
    "$oid": "68aed3f1fbcaee2d0136e629"
  },
  "name": "TV & AV",
  "slug": "tv-and-av",
  "images": [
    "/uploads/1756287985240-173171534-Icon_TV_and_AV (1).png"
  ],
  "createdAt": {
    "$date": "2025-08-27T09:46:25.256Z"
  },
  "updatedAt": {
    "$date": "2025-08-27T09:46:25.256Z"
  },
  "__v": 0
},
{
  "_id": {
    "$oid": "68aed403fbcaee2d0136e62d"
  },
  "name": "Appliances",
  "slug": "appliances",
  "images": [
    "/uploads/1756288003795-875143111-Icon_Appliances (1).png"
  ],
  "createdAt": {
    "$date": "2025-08-27T09:46:43.807Z"
  },
  "updatedAt": {
    "$date": "2025-08-27T09:46:43.807Z"
  },
  "__v": 0
},
{
  "_id": {
    "$oid": "68afeed0726fbc123d9f4cc2"
  },
  "name": "Computing & Displays",
  "slug": "computing-and-displays",
  "images": [
    "/uploads/1756360400481-391048428-Icon_Computing_and_Displays (2).png"
  ],
  "createdAt": {
    "$date": "2025-08-28T05:53:20.502Z"
  },
  "updatedAt": {
    "$date": "2025-08-28T05:53:20.502Z"
  },
  "__v": 0
},
{
  "_id": {
    "$oid": "68afef01726fbc123d9f4cdf"
  },
  "name": "Wearables",
  "slug": "wearables",
  "images": [
    "/uploads/1756360449966-383557203-Icon_Wearables.png"
  ],
  "createdAt": {
    "$date": "2025-08-28T05:54:09.973Z"
  },
  "updatedAt": {
    "$date": "2025-08-28T05:54:09.973Z"
  },
  "__v": 0
},
{
  "_id": {
    "$oid": "68afef76726fbc123d9f4ce6"
  },
  "name": "All",
  "slug": "all",
  "images": [
    "/uploads/1756360566402-558372884-Icon_Accessories.png"
  ],
  "createdAt": {
    "$date": "2025-08-28T05:56:06.414Z"
  },
  "updatedAt": {
    "$date": "2025-08-28T05:56:06.414Z"
  },
  "__v": 0
}]