[{
  "_id": {
    "$oid": "68b13d9f2f26e3571f9f9d9e"
  },
  "name": "85\" Neo QLED 4K QNX1D Tizen OS Smart TV (2024)",
  "description": "85\" Neo QLED 4K QNX1D Tizen OS Smart TV (2024)",
  "price": 2323,
  "category": {
    "$oid": "68aed3f1fbcaee2d0136e629"
  },
  "images": [
    "/uploads/1756446111722-368200739-levant-qled-qn85f-qa75qn85fauxtw-546125233.webp"
  ],
  "stock": 2323,
  "createdAt": {
    "$date": "2025-08-29T05:41:51.737Z"
  },
  "updatedAt": {
    "$date": "2025-08-29T05:41:51.737Z"
  },
  "__v": 0
},
{
  "_id": {
    "$oid": "68b13f572f26e3571f9f9da6"
  },
  "name": "85\" QN85A Neo QLED 4K Smart TV (2021)",
  "description": "85\" QN85A Neo QLED 4K Smart TV (2021)",
  "price": 232323,
  "category": {
    "$oid": "68aed3f1fbcaee2d0136e629"
  },
  "images": [
    "/uploads/1756446551357-723020620-levant-odyssey-oled-g8-27g81sf-548074-ls32fg810smxue-546453996.png"
  ],
  "stock": 242,
  "createdAt": {
    "$date": "2025-08-29T05:49:11.365Z"
  },
  "updatedAt": {
    "$date": "2025-08-29T05:49:11.365Z"
  },
  "__v": 0
},
{
  "_id": {
    "$oid": "68b13f7b2f26e3571f9f9dae"
  },
  "name": "85\" QN900A Neo QLED 8K Smart TV (2021)",
  "description": "85\" QN900A Neo QLED 8K Smart TV (2021)",
  "price": 23232,
  "category": {
    "$oid": "68aed3f1fbcaee2d0136e629"
  },
  "images": [
    "/uploads/1756446587413-700148979-levant-qled-qn900f-qa85qn900fuxtw-546103412.avif"
  ],
  "stock": 442,
  "createdAt": {
    "$date": "2025-08-29T05:49:47.418Z"
  },
  "updatedAt": {
    "$date": "2025-08-29T05:49:47.418Z"
  },
  "__v": 0
},
{
  "_id": {
    "$oid": "68b13fdb2f26e3571f9f9dd6"
  },
  "name": "Galaxy Z Fold7 ",
  "description": "Galaxy Z Fold7 ",
  "price": 3434,
  "category": {
    "$oid": "68aed3c7fbcaee2d0136e620"
  },
  "images": [
    "/uploads/1756446683953-789906830-levant-galaxy-s25-s938-sm-s938bzsimea-thumb-544743636.avif"
  ],
  "stock": 233,
  "createdAt": {
    "$date": "2025-08-29T05:51:23.964Z"
  },
  "updatedAt": {
    "$date": "2025-08-29T05:51:23.964Z"
  },
  "__v": 0
},
{
  "_id": {
    "$oid": "68b13ff12f26e3571f9f9dde"
  },
  "name": "Galaxy Z Flip7",
  "description": "Galaxy Z Flip7",
  "price": 5363,
  "category": {
    "$oid": "68aed3c7fbcaee2d0136e620"
  },
  "images": [
    "/uploads/1756446705920-174313943-levant-galaxy-zflip7-f766-554715-sm-f766blgemea-thumb-547582946.avif"
  ],
  "stock": 34,
  "createdAt": {
    "$date": "2025-08-29T05:51:45.925Z"
  },
  "updatedAt": {
    "$date": "2025-08-29T05:51:45.925Z"
  },
  "__v": 0
},
{
  "_id": {
    "$oid": "68b1400b2f26e3571f9f9de6"
  },
  "name": "Galaxy Z Flip7 FE",
  "description": "Galaxy Z Flip7 FE",
  "price": 5673,
  "category": {
    "$oid": "68aed3c7fbcaee2d0136e620"
  },
  "images": [
    "/uploads/1756446731392-134454342-levant-galaxy-zflip7-f766-554715-sm-f766blgemea-thumb-547582946.avif"
  ],
  "stock": 56,
  "createdAt": {
    "$date": "2025-08-29T05:52:11.398Z"
  },
  "updatedAt": {
    "$date": "2025-08-29T05:52:11.398Z"
  },
  "__v": 0
},
{
  "_id": {
    "$oid": "68b140232f26e3571f9f9dee"
  },
  "name": "Galaxy S25 Ultra",
  "description": "Galaxy S25 Ultra",
  "price": 7464,
  "category": {
    "$oid": "68aed3c7fbcaee2d0136e620"
  },
  "images": [
    "/uploads/1756446755625-846940021-levant-galaxy-s25-s938-sm-s938bzsimea-thumb-544743636.avif"
  ],
  "stock": 336,
  "createdAt": {
    "$date": "2025-08-29T05:52:35.628Z"
  },
  "updatedAt": {
    "$date": "2025-08-29T05:52:35.628Z"
  },
  "__v": 0
},
{
  "_id": {
    "$oid": "68b140412f26e3571f9f9df6"
  },
  "name": "Galaxy S25+",
  "description": "Galaxy S25+",
  "price": 53353,
  "category": {
    "$oid": "68aed3c7fbcaee2d0136e620"
  },
  "images": [
    "/uploads/1756446785321-462008900-levant-galaxy-zflip7-f766-sm-f766bzremea-thumb-547549943.avif"
  ],
  "stock": 2242,
  "createdAt": {
    "$date": "2025-08-29T05:53:05.326Z"
  },
  "updatedAt": {
    "$date": "2025-08-29T05:53:05.326Z"
  },
  "__v": 0
},
{
  "_id": {
    "$oid": "68b141fe2f26e3571f9f9e5c"
  },
  "name": "Galaxy Watch8",
  "description": "Galaxy Watch8",
  "price": 3534,
  "category": {
    "$oid": "68afef01726fbc123d9f4cdf"
  },
  "images": [
    "/uploads/1756447230666-539002079-watch-compare-watch6-graphite-40.jpg"
  ],
  "stock": 242,
  "createdAt": {
    "$date": "2025-08-29T06:00:30.671Z"
  },
  "updatedAt": {
    "$date": "2025-08-29T06:00:30.671Z"
  },
  "__v": 0
},
{
  "_id": {
    "$oid": "68b142162f26e3571f9f9e64"
  },
  "name": "Galaxy Watch7",
  "description": "Galaxy Watch7",
  "price": 5324,
  "category": {
    "$oid": "68afef01726fbc123d9f4cdf"
  },
  "images": [
    "/uploads/1756447254243-985608103-watch-compare-watch8-classic-black.jpg"
  ],
  "stock": 223,
  "createdAt": {
    "$date": "2025-08-29T06:00:54.247Z"
  },
  "updatedAt": {
    "$date": "2025-08-29T07:15:08.643Z"
  },
  "__v": 0
},
{
  "_id": {
    "$oid": "68b142272f26e3571f9f9e6c"
  },
  "name": "Galaxy Watch8 Classic",
  "description": "Galaxy Watch8 Classic",
  "price": 6363,
  "category": {
    "$oid": "68afef01726fbc123d9f4cdf"
  },
  "images": [
    "/uploads/1756447271467-657728537-watch-compare-watch7-cream-40.jpg"
  ],
  "stock": 235,
  "createdAt": {
    "$date": "2025-08-29T06:01:11.471Z"
  },
  "updatedAt": {
    "$date": "2025-08-29T06:01:11.471Z"
  },
  "__v": 0
},
{
  "_id": {
    "$oid": "68b1424a2f26e3571f9f9e74"
  },
  "name": "Galaxy Watch6 Classic",
  "description": "Galaxy Watch6 Classic",
  "price": 3535,
  "category": {
    "$oid": "68afef01726fbc123d9f4cdf"
  },
  "images": [
    "/uploads/1756447306893-850879139-watch-compare-watch8-graphite-40.jpg"
  ],
  "stock": 646,
  "createdAt": {
    "$date": "2025-08-29T06:01:46.899Z"
  },
  "updatedAt": {
    "$date": "2025-08-29T06:01:46.899Z"
  },
  "__v": 0
},
{
  "_id": {
    "$oid": "68b1464b2f26e3571f9f9f51"
  },
  "name": "27\" ViewFinity S7 S70D UHD Monitor",
  "description": "27\" ViewFinity S7 S70D UHD Monitor",
  "price": 7999,
  "category": {
    "$oid": "68afeed0726fbc123d9f4cc2"
  },
  "images": [
    "/uploads/1756448331739-106078317-latin-en-viewfinity-s7-27s700d27s702d27s704d-27s706d32s700d32s702d32s704d32s706d-ls27d702eanxgo-542074388.avif"
  ],
  "stock": 44,
  "createdAt": {
    "$date": "2025-08-29T06:18:51.744Z"
  },
  "updatedAt": {
    "$date": "2025-08-29T06:18:51.744Z"
  },
  "__v": 0
},
{
  "_id": {
    "$oid": "68b1465d2f26e3571f9f9f59"
  },
  "name": "43\" Smart Monitor M7 M70D UHD",
  "description": "43\" Smart Monitor M7 M70D UHD",
  "price": 5999,
  "category": {
    "$oid": "68afeed0726fbc123d9f4cc2"
  },
  "images": [],
  "stock": 57,
  "createdAt": {
    "$date": "2025-08-29T06:19:09.564Z"
  },
  "updatedAt": {
    "$date": "2025-08-29T06:19:09.564Z"
  },
  "__v": 0
},
{
  "_id": {
    "$oid": "68b146762f26e3571f9f9f61"
  },
  "name": "32\" ViewFinity S7 S70D UHD Monitor",
  "description": "32\" ViewFinity S7 S70D UHD Monitor",
  "price": 6555,
  "category": {
    "$oid": "68afeed0726fbc123d9f4cc2"
  },
  "images": [
    "/uploads/1756448374309-998318105-latin-en-viewfinity-s6-34s65uc-ls34c650uanxgo-545205679.avif"
  ],
  "stock": 34,
  "createdAt": {
    "$date": "2025-08-29T06:19:34.315Z"
  },
  "updatedAt": {
    "$date": "2025-08-29T06:19:34.315Z"
  },
  "__v": 0
},
{
  "_id": {
    "$oid": "68b146a12f26e3571f9f9f69"
  },
  "name": "55\" Odyssey Ark G97NC 4K 165Hz Gaming Monitor",
  "description": "55\" Odyssey Ark G97NC 4K 165Hz Gaming Monitor\r\n\r\n",
  "price": 9777,
  "category": {
    "$oid": "68afeed0726fbc123d9f4cc2"
  },
  "images": [
    "/uploads/1756448417683-668219961-1.avif"
  ],
  "stock": 46,
  "createdAt": {
    "$date": "2025-08-29T06:20:17.687Z"
  },
  "updatedAt": {
    "$date": "2025-08-29T06:20:17.687Z"
  },
  "__v": 0
},
{
  "_id": {
    "$oid": "68b14b7a2f26e3571f9f9ffa"
  },
  "name": "RS5300T SBS with Family Hub, 22 cu.ft.",
  "description": "RS5300T SBS with Family Hub, 22 cu.ft.\r\n\r\n",
  "price": 24999,
  "category": {
    "$oid": "68aed403fbcaee2d0136e62d"
  },
  "images": [
    "/uploads/1756449658845-770113298-latin-en-ref-sbs-rs5300-410063-rs27t5561b1-ap-530771771.webp"
  ],
  "stock": 547,
  "createdAt": {
    "$date": "2025-08-29T06:40:58.848Z"
  },
  "updatedAt": {
    "$date": "2025-08-29T06:40:58.848Z"
  },
  "__v": 0
},
{
  "_id": {
    "$oid": "68b14ba82f26e3571f9fa002"
  },
  "name": "AW1-12 French Door with All-Around Cooling, RF28T5A01S9",
  "description": "AW1-12 French Door with All-Around Cooling, RF28T5A01S9\r\n\r\n",
  "price": 67999,
  "category": {
    "$oid": "68aed403fbcaee2d0136e62d"
  },
  "images": [
    "/uploads/1756449704296-267361303-latin-en-ref-rf28t5a01s9-409803-rf28t5a01b1-ap-530731568.avif"
  ],
  "stock": 56,
  "createdAt": {
    "$date": "2025-08-29T06:41:44.305Z"
  },
  "updatedAt": {
    "$date": "2025-08-29T06:48:58.353Z"
  },
  "__v": 0
},
{
  "_id": {
    "$oid": "68b14bc72f26e3571f9fa00a"
  },
  "name": "RS5300T SBS with Family Hub, 716 ℓ",
  "description": "RS5300T SBS with Family Hub, 716 ℓ\r\n\r\n",
  "price": 56743,
  "category": {
    "$oid": "68aed403fbcaee2d0136e62d"
  },
  "images": [
    "/uploads/1756449735869-831908504-latin-en-ref-fdr-aw1-rf27t5201b1-ap-530477490.avif"
  ],
  "stock": 456,
  "createdAt": {
    "$date": "2025-08-29T06:42:15.873Z"
  },
  "updatedAt": {
    "$date": "2025-08-29T06:42:15.873Z"
  },
  "__v": 0
}]